<?xml version="1.0" ?>

<arbaro>
  <species name="cactus">
    <!-- general params -->
    <param name="Shape" value="3"/>
    <param name="BaseSize" value="0.5"/>
    <param name="Scale" value="1.0"/>
    <param name="ScaleV" value="0.5"/>
    <param name="Levels" value="2"/>
    <param name="Ratio" value="0.05"/>
    <param name="RatioPower" value="0.5"/>
    <param name="Flare" value="0"/>
    <param name="Lobes" value="15"/>
    <param name="LobeDepth" value="0.03"/>
    <param name="Leaves" value="0"/>
    <param name="LeafShape" value="0"/>
    <param name="LeafScale" value="0.002"/>
    <param name="LeafScaleX" value="0.5"/>
    <param name="LeafStemLen" value="-1.1"/>
    <param name="AttractionUp" value="0"/>
    <!-- level 0 -->
    <param name="0Scale" value="1.0"/>
    <param name="0ScaleV" value="0.0"/>
    <param name="0BaseSplits" value="0"/>
    <param name="0Length" value="1.0"/>
    <param name="0LengthV" value="0"/>
    <param name="0Taper" value="2.2"/>
    <param name="0SegSplits" value="0"/>
    <param name="0SplitAngle" value="90"/>
    <param name="0SplitAngleV" value="0"/>
    <param name="0CurveRes" value="2"/>
    <param name="0Curve" value="0"/>
    <param name="0CurveV" value="10"/>
    <param name="0CurveBack" value="0"/>
    <!-- level 1 -->
    <param name="1DownAngle" value="90"/>
    <param name="1DownAngleV" value="10"/>
    <param name="1Rotate" value="120"/>
    <param name="1RotateV" value="20"/>
    <param name="1Branches" value="5"/>
    <param name="1BranchDist" value="0.2"/>
    <param name="1Length" value="0.2"/>
    <param name="1LengthV" value="0.2"/>
    <param name="1Taper" value="2.1"/>
    <param name="1SegSplits" value="0"/>
    <param name="1SplitAngle" value="0"/>
    <param name="1SplitAngleV" value="0"/>
    <param name="1CurveRes" value="10"/>
    <param name="1Curve" value="-90"/>
    <param name="1CurveV" value="0"/>
    <param name="1CurveBack" value="0"/>
    <!-- level 2 -->
    <param name="2DownAngle" value="30"/>
    <param name="2DownAngleV" value="10"/>
    <param name="2Rotate" value="360"/>
    <param name="2RotateV" value="40"/>
    <param name="2Branches" value="10"/>
    <param name="2Length" value="30"/>
    <param name="2LengthV" value="25"/>
    <param name="2Taper" value="0.3"/>
    <param name="2SegSplits" value="0.1"/>
    <param name="2SplitAngle" value="6"/>
    <param name="2SplitAngleV" value="2"/>
    <param name="2CurveRes" value="5"/>
    <param name="2Curve" value="30"/>
    <param name="2CurveV" value="30"/>
    <param name="2CurveBack" value="-30"/>
    <!-- level 3 -->
    <param name="3DownAngle" value="45"/>
    <param name="3DownAngleV" value="10"/>
    <param name="3Rotate" value="77"/>
    <param name="3RotateV" value="0"/>
    <param name="3Branches" value="10"/>
    <param name="3Length" value="0.5"/>
    <param name="3LengthV" value="0"/>
    <param name="3Taper" value="1.0"/>
    <param name="3SegSplits" value="0"/>
    <param name="3SplitAngle" value="0"/>
    <param name="3SplitAngleV" value="0"/>
    <param name="3CurveRes" value="1"/>
    <param name="3Curve" value="0"/>
    <param name="3CurveV" value="0"/>
    <param name="3CurveBack" value="0"/>
  </species>
</arbaro>
