<?xml version="1.0" ?>

<arbaro>
  <species name="eastern_cottonwood">
    <!-- general params -->
    <param name="Shape" value="3"/>
    <param name="BaseSize" value="0.2"/>
    <param name="Scale" value="25.0"/>
    <param name="ScaleV" value="5.0"/>
    <param name="Levels" value="3"/>
    <param name="Ratio" value="0.02"/>
    <param name="RatioPower" value="1.3"/>
    <param name="Flare" value="0.6"/>
    <param name="Lobes" value="3"/>
    <param name="LobeDepth" value="0.1"/>
    <param name="Leaves" value="40"/>
    <param name="LeafShape" value="0"/>
    <param name="LeafScale" value="0.3"/>
    <param name="LeafScaleX" value="1.0"/>
    <param name="AttractionUp" value="0.5"/>
    <!-- level 0 -->
    <param name="0Scale" value="1.0"/>
    <param name="0ScaleV" value="0.0"/>
    <param name="0BaseSplits" value="3"/>
    <param name="0Length" value="1.0"/>
    <param name="0LengthV" value="0.0"/>
    <param name="0Taper" value="0.95"/>
    <param name="0SplitAngle" value="20.0"/>
    <param name="0SplitAngleV" value="5.0"/>
    <param name="0CurveRes" value="8"/>
    <param name="0Curve" value="15.0"/>
    <param name="0CurveV" value="90.0"/>
    <param name="0CurveBack" value="0.0"/>
    <!-- level 1 -->
    <param name="1DownAngle" value="45.0"/>
    <param name="1DownAngleV" value="-35.0"/>
    <param name="1Rotate" value="140.0"/>
    <param name="1RotateV" value="0.0"/>
    <param name="1Branches" value="40"/>
    <param name="1Length" value="0.3"/>
    <param name="1LengthV" value="0.0"/>
    <param name="1Taper" value="1.0"/>
    <param name="1SplitAngle" value="15.0"/>
    <param name="1SplitAngleV" value="30.0"/>
    <param name="1CurveRes" value="10"/>
    <param name="1Curve" value="-10.0"/>
    <param name="1CurveV" value="200.0"/>
    <param name="1CurveBack" value="0.0"/>
    <!-- level 2 -->
    <param name="2DownAngle" value="45.0"/>
    <param name="2DownAngleV" value="10.0"/>
    <param name="2Rotate" value="140.0"/>
    <param name="2RotateV" value="0.0"/>
    <param name="2Branches" value="30"/>
    <param name="2Length" value="0.7"/>
    <param name="2LengthV" value="0.0"/>
    <param name="2Taper" value="1.0"/>
    <param name="2CurveRes" value="2"/>
    <param name="2Curve" value="0.0"/>
    <param name="2CurveV" value="200.0"/>
    <param name="2CurveBack" value="0.0"/>
    <!-- level 3 -->
    <param name="3DownAngle" value="45.0"/>
    <param name="3DownAngleV" value="10.0"/>
    <param name="3Rotate" value="140.0"/>
    <param name="3RotateV" value="0.0"/>
  </species>
</arbaro>








