<?xml version="1.0" ?>

<arbaro>
  <species name="shave_grass">
    <!-- general params -->
    <param name="Shape" value="4"/>
    <param name="BaseSize" value="0.25"/>
    <param name="Scale" value="0.5"/>
    <param name="ScaleV" value="0.7"/>
    <param name="Levels" value="2"/>
    <param name="Ratio" value="0.01"/>
    <param name="RatioPower" value="0.9"/>
    <param name="Flare" value="0.1"/>
    <param name="Lobes" value="12"/>
    <param name="LobeDepth" value="0.1"/>
    <!-- Smooth value should be <0.5 here, 
    because shave grass stems are angular, not round -->
    <param name="Smooth" value="0.1"/>
    <param name="Leaves" value="0"/>
    <param name="LeafShape" value="0"/>
    <param name="LeafScale" value="1"/>
    <param name="LeafScaleX" value="1"/>
    <param name="AttractionUp" value="0"/>
    <!-- level 0 -->
    <param name="0Scale" value="1.0"/>
    <param name="0ScaleV" value="0.0"/>
    <param name="0BaseSplits" value="0"/>
    <param name="0Length" value="1.0"/>
    <param name="0LengthV" value="0"/>
    <param name="0Taper" value="1.1"/>
    <param name="0SegSplits" value="0"/>
    <param name="0SplitAngle" value="0"/>
    <param name="0SplitAngleV" value="0"/>
    <param name="0CurveRes" value="12"/>
    <param name="0Curve" value="0"/>
    <param name="0CurveV" value="70"/>
    <param name="0CurveBack" value="10"/>
    <!-- level 1 -->
    <param name="1DownAngle" value="70"/>
    <param name="1DownAngleV" value="-50"/>
    <param name="1Rotate" value="30"/>
    <param name="1RotateV" value="10"/>
    <param name="1Branches" value="105"/>
    <param name="1BranchDist" value="0"/>
    <param name="1Length" value="0.2"/>
    <param name="1LengthV" value="0.05"/>
    <param name="1Taper" value="0.3"/>
    <param name="1SegSplits" value="0.2"/>
    <param name="1SplitAngle" value="10"/>
    <param name="1SplitAngleV" value="4"/>
    <param name="1CurveRes" value="6"/>
    <param name="1Curve" value="10"/>
    <param name="1CurveV" value="120"/>
    <param name="1CurveBack" value="0"/>
  </species>
</arbaro>
