<?xml version="1.0" ?>

<arbaro>
  <species name="tamarack">
    <!-- general params -->
    <param name="Shape" value="0"/>
    <param name="BaseSize" value="0.1"/>
    <param name="Scale" value="22.0"/>
    <param name="ScaleV" value="3.0"/>
    <param name="Levels" value="3"/>
    <param name="Ratio" value="0.015"/>
    <param name="RatioPower" value="1.3"/>
    <param name="Flare" value="0.4"/>
    <param name="Leaves" value="50"/>
    <param name="LeafShape" value="0"/>
    <param name="LeafScale" value="0.15"/>
    <param name="LeafScaleX" value="0.35"/>
    <param name="LeafStemLen" value="0.5"/>
    <param name="LeafBend" value="0.5"/>
    <param name="AttractionUp" value="0.5"/>
    <!-- level 0 -->
    <param name="0Scale" value="1.0"/>
    <param name="0ScaleV" value="0.0"/>
    <param name="0BaseSplits" value="0"/>
    <param name="0Length" value="1.0"/>
    <param name="0LengthV" value="0.0"/>
    <param name="0Taper" value="0.9"/>
    <param name="0SegSplits" value="0.0"/>
    <param name="0CurveRes" value="8"/>
    <param name="0Curve" value="0.0"/>
    <param name="0CurveV" value="0.0"/>
    <param name="0CurveBack" value="0.0"/>
    <!-- level 1 -->
    <param name="1DownAngle" value="55"/>
    <param name="1DownAngleV" value="-45"/>
    <param name="1Rotate" value="140.0"/>
    <param name="1RotateV" value="0.0"/>
    <param name="1Branches" value="75"/>
    <param name="1Length" value="0.4"/>
    <param name="1LengthV" value="0.0"/>
    <param name="1Taper" value="1.0"/>
    <param name="1SegSplits" value="0.0"/>
    <param name="1CurveRes" value="8"/>
    <param name="1Curve" value="-30.0"/>
    <param name="1CurveV" value="120.0"/>
    <param name="1CurveBack" value="0.0"/>
    <!-- level 2 -->
    <param name="2DownAngle" value="45.0"/>
    <param name="2DownAngleV" value="10.0"/>
    <param name="2Rotate" value="140.0"/>
    <param name="2RotateV" value="0.0"/>
    <param name="2Branches" value="50"/>
    <param name="2Length" value="0.2"/>
    <param name="2LengthV" value="0.0"/>
    <param name="2Taper" value="1.0"/>
    <param name="2SegSplits" value="0.0"/>
    <param name="2CurveRes" value="8"/>
    <param name="2Curve" value="0.0"/>
    <param name="2CurveV" value="180.0"/>
    <param name="2CurveBack" value="0.0"/>
    <!-- leaf level -->
    <param name="3DownAngle" value="45.0"/>
    <param name="3DownAngleV" value="10.0"/>
    <param name="3Rotate" value="140.0"/>
    <param name="3RotateV" value="0.0"/>
  </species>
</arbaro>
