<?xml version='1.0' ?>

<arbaro>
  <species name='weeping_willow'>
    <!-- general params -->
    <param name='Shape' value='3'/>
    <param name='Levels' value='4'/>
    <param name='Scale' value='15.0'/>
    <param name='ScaleV' value='5.0'/>
    <param name='BaseSize' value='0.05'/>
    <param name='Ratio' value='0.03'/>
    <param name='RatioPower' value='2.0'/>
    <param name='Flare' value='0.75'/>
    <param name='Lobes' value='9'/>
    <param name='LobeDepth' value='0.03'/>
    <param name='Smooth' value='0.5'/>
    <param name='Leaves' value='10'/>
    <param name='LeafShape' value='disc2'/>
    <param name='LeafScale' value='0.12'/>
    <param name='LeafScaleX' value='0.2'/>
    <param name='LeafQuality' value='1.0'/>
    <param name='LeafStemLen' value='0.5'/>
    <param name='LeafDistrib' value='3'/>
    <param name='LeafBend' value='0.3'/>
    <param name='AttractionUp' value='-2.0'/>
    <param name='PruneRatio' value='1.0'/>
    <param name='PrunePowerLow' value='0.0010'/>
    <param name='PrunePowerHigh' value='0.5'/>
    <param name='PruneWidth' value='0.4'/>
    <param name='PruneWidthPeak' value='0.6'/>
    <param name='0Scale' value='1.0'/>
    <param name='0ScaleV' value='0.0'/>
    <param name='0BaseSplits' value='2'/>
    <!-- level 0 -->
    <param name='0DownAngle' value='0.0'/>
    <param name='0DownAngleV' value='0.0'/>
    <param name='0Rotate' value='0.0'/>
    <param name='0RotateV' value='0.0'/>
    <param name='0Branches' value='1'/>
    <param name='0BranchDist' value='0.0'/>
    <param name='0Length' value='0.8'/>
    <param name='0LengthV' value='0.0'/>
    <param name='0Taper' value='1.0'/>
    <param name='0SegSplits' value='0.1'/>
    <param name='0SplitAngle' value='3.0'/>
    <param name='0SplitAngleV' value='0.0'/>
    <param name='0CurveRes' value='8'/>
    <param name='0Curve' value='0.0'/>
    <param name='0CurveBack' value='20.0'/>
    <param name='0CurveV' value='120.0'/>
    <!-- level 1 -->
    <param name='1DownAngle' value='20.0'/>
    <param name='1DownAngleV' value='10.0'/>
    <param name='1Rotate' value='-120.0'/>
    <param name='1RotateV' value='30.0'/>
    <param name='1Branches' value='25'/>
    <param name='1BranchDist' value='1.0'/>
    <param name='1Length' value='0.5'/>
    <param name='1LengthV' value='0.1'/>
    <param name='1Taper' value='1.0'/>
    <param name='1SegSplits' value='0.2'/>
    <param name='1SplitAngle' value='30.0'/>
    <param name='1SplitAngleV' value='10.0'/>
    <param name='1CurveRes' value='16'/>
    <param name='1Curve' value='40.0'/>
    <param name='1CurveBack' value='80.0'/>
    <param name='1CurveV' value='90.0'/>
    <!-- level 2 -->
    <param name='2DownAngle' value='30.0'/>
    <param name='2DownAngleV' value='10.0'/>
    <param name='2Rotate' value='-120.0'/>
    <param name='2RotateV' value='30.0'/>
    <param name='2Branches' value='10'/>
    <param name='2BranchDist' value='1.0'/>
    <param name='2Length' value='1.5'/>
    <param name='2LengthV' value='0.0'/>
    <param name='2Taper' value='1.0'/>
    <param name='2SegSplits' value='0.2'/>
    <param name='2SplitAngle' value='45.0'/>
    <param name='2SplitAngleV' value='20.0'/>
    <param name='2CurveRes' value='12'/>
    <param name='2Curve' value='0.0'/>
    <param name='2CurveBack' value='0.0'/>
    <param name='2CurveV' value='0.0'/>
    <!-- level 3 -->
    <param name='3DownAngle' value='20.0'/>
    <param name='3DownAngleV' value='10.0'/>
    <param name='3Rotate' value='140.0'/>
    <param name='3RotateV' value='0.0'/>
    <param name='3Branches' value='150'/>
    <param name='3BranchDist' value='1.0'/>
    <param name='3Length' value='0.1'/>
    <param name='3LengthV' value='0.0'/>
    <param name='3Taper' value='1.0'/>
    <param name='3SegSplits' value='0.0'/>
    <param name='3SplitAngle' value='0.0'/>
    <param name='3SplitAngleV' value='0.0'/>
    <param name='3CurveRes' value='1'/>
    <param name='3Curve' value='0.0'/>
    <param name='3CurveBack' value='0.0'/>
    <param name='3CurveV' value='0.0'/>
  </species>
</arbaro>
