<?xml version="1.0"?>
<opentree>
    <species name="quaking_aspen">
        <LobeDepth>0.07</LobeDepth>
        <LeafStemLen>0.5</LeafStemLen>
        <BaseSize>0.4</BaseSize>
        <PrunePowerHigh>0.5</PrunePowerHigh>
        <Scale>13.0</Scale>
        <LeafQuality>1.0</LeafQuality>
        <ScaleV>3.0</ScaleV>
        <Smooth>0.5</Smooth>
        <Levels>3</Levels>
        <Flare>0.6</Flare>
        <LeafScale>0.17</LeafScale>
        <RatioPower>1.2</RatioPower>
        <PruneWidthPeak>0.5</PruneWidthPeak>
        <LeafBend>0.3</LeafBend>
        <PruneRatio>0.0</PruneRatio>
        <PruneWidth>0.5</PruneWidth>
        <AttractionUp>0.5</AttractionUp>
        <LeafScaleX>1.0</LeafScaleX>
        <Lobes>5</Lobes>
        <Ratio>0.015</Ratio>
        <PrunePowerLow>0.5</PrunePowerLow>
        <Shape>7</Shape>
        <Leaves>25</Leaves>
        <LeafDistrib>4</LeafDistrib>
        <LeafShape>0</LeafShape>
        <level level="0">
            <SegSplits>0.0</SegSplits>
            <BaseSplits>0</BaseSplits>
            <Curve>0.0</Curve>
            <CurveV>20.0</CurveV>
            <Scale>1.0</Scale>
            <ScaleV>0.2</ScaleV>
            <RotateV>0.0</RotateV>
            <CurveBack>0.0</CurveBack>
            <LengthV>0.0</LengthV>
            <DownAngleV>0.0</DownAngleV>
            <SplitAngle>0.0</SplitAngle>
            <Taper>1.0</Taper>
            <CurveRes>3</CurveRes>
            <DownAngle>0.0</DownAngle>
            <SplitAngleV>0.0</SplitAngleV>
            <BranchDist>0.0</BranchDist>
            <Length>1.0</Length>
            <Branches>1</Branches>
            <Rotate>0.0</Rotate>
        </level>
        <level level="1">
            <CurveRes>5</CurveRes>
            <SegSplits>0.0</SegSplits>
            <Taper>1.0</Taper>
            <Curve>-40.0</Curve>
            <DownAngle>60.0</DownAngle>
            <SplitAngleV>0.0</SplitAngleV>
            <CurveV>50.0</CurveV>
            <RotateV>0.0</RotateV>
            <BranchDist>1.0</BranchDist>
            <Length>0.3</Length>
            <CurveBack>0.0</CurveBack>
            <Branches>50</Branches>
            <DownAngleV>-50.0</DownAngleV>
            <LengthV>0.0</LengthV>
            <Rotate>140.0</Rotate>
            <SplitAngle>0.0</SplitAngle>
        </level>
        <level level="2">
            <CurveRes>3</CurveRes>
            <SegSplits>0.0</SegSplits>
            <Taper>1.0</Taper>
            <Curve>-40.0</Curve>
            <DownAngle>45.0</DownAngle>
            <SplitAngleV>0.0</SplitAngleV>
            <CurveV>75.0</CurveV>
            <RotateV>0.0</RotateV>
            <BranchDist>1.0</BranchDist>
            <Length>0.6</Length>
            <CurveBack>0.0</CurveBack>
            <Branches>30</Branches>
            <DownAngleV>10.0</DownAngleV>
            <LengthV>0.0</LengthV>
            <Rotate>140.0</Rotate>
            <SplitAngle>0.0</SplitAngle>
        </level>
        <level level="3">
            <RotateV>0.0</RotateV>
            <DownAngle>45.0</DownAngle>
            <DownAngleV>10.0</DownAngleV>
            <Rotate>77.0</Rotate>
        </level>
    </species>
</opentree>
